{
  "inventory": [
    { "color": "black", "size": "S", "quantity": 10 },
    { "color": "black", "size": "M", "quantity": 13 },
    { "color": "black", "size": "L", "quantity": 24 },
    { "color": "black", "size": "XL", "quantity": 12 },
    { "color": "white", "size": "S", "quantity": 10 },
    { "color": "white", "size": "M", "quantity": 15 },
    { "color": "white", "size": "L", "quantity": 25 },
    { "color": "white", "size": "XL", "quantity": 13 }
  ],
  "promocodes": [
    {
      "code": "FREESHIPPY",
      "discountPercent": 0,
      "active": true,
      "freeShipping": true
    },
    {
      "code": "CORVEE",
      "discountPercent": 5,
      "active": true
    }
  ]
}